,0
0,International TV Shows
1,TV Dramas
2,TV Sci-Fi & Fantasy
3,Horror Movies
4,International Movies
5,Thrillers
6,Dramas
7,Sports Movies
8,Comedies
9,British TV Shows
10,Docuseries
11,Science & Nature TV
12,Independent Movies
13,Action & Adventure
14,Romantic Movies
15,Documentaries
16,Anime Series
17,Music & Musicals
18,Stand-Up Comedy
19,Kids' TV
20,TV Shows
21,Children & Family Movies
22,Classic Movies
23,Faith & Spirituality
24,Spanish-Language TV Shows
25,TV Comedies
26,Movies
27,Sci-Fi & Fantasy
28,Romantic TV Shows
29,Reality TV
30,Crime TV Shows
31,Korean TV Shows
32,TV Action & Adventure
33,TV Thrillers
34,LGBTQ Movies
35,Stand-Up Comedy & Talk Shows
36,Teen TV Shows
37,Cult Movies
38,TV Horror
39,TV Mysteries
40,Classic & Cult TV
41,Anime Features
